status_id,permalink,created_time,share_text,image_text_py,image_text_ms,ms_cv_caption,clarifai_tags,clarifai_tags_prob,reposted,original,repost,repost_order,times_repost,days_bet_repost
150424302108405_178797875937714,https://www.facebook.com/150424302108405_178797875937714,30/01/2017 13:08,,, ,a man wearing a hat,"portrait,people,adult,man,actor,illustration,lid,wear,one,business,veil,facial expression,mustache,sign,movie,music,text,vertical,confidence,cap","0.99465483,0.9943216,0.99227464,0.9676547,0.9329231,0.9188756,0.9144161,0.901324,0.88175976,0.87786657,0.86406416,0.8458758,0.82704365,0.82159215,0.8159616,0.7928675,0.78150344,0.7749961,0.7666513,0.76584744",0,1,0,,,
150424302108405_179530839197751,https://www.facebook.com/150424302108405_179530839197751,31/01/2017 17:00,"""Does the 5 second rule apply to this?""",mexican horror story,mexican horror story,a wooden table,"horizontal,wood,indoors,wall,paper,dirty,square,hanging,old,no person,dry,nature,food,stone,illustration,business,desktop,family,shape,abstract","0.97417474,0.92966795,0.9174036,0.8752705,0.8730507,0.8712209,0.86441755,0.8633842,0.84933215,0.84778076,0.82381064,0.8191877,0.81287646,0.80311537,0.78962743,0.78297067,0.75812715,0.7513267,0.7421364,0.74130315",0,1,0,,,
150424302108405_180272005790301,https://www.facebook.com/150424302108405_180272005790301,2/02/2017 17:00,"""Don't cross the boss.""","when someone takes the bag
of hot cheetos you've been
saving
I WILL FIND YOU
AND I WILL KILL YOU","when someone takes the bag
of hot cheetos you've been
saving
I WILL FIND YOU
AND I WILL KILL YOU",Liam Neeson holding a book,"portrait,people,adult,man,business,serious,indoors,sadness,vertical,worried,horizontal,actor,headshot,contemplation,despair,communication,face,attitude,anxiety,monochrome","0.9924108,0.9911394,0.9908986,0.98276293,0.9622915,0.9371329,0.93419695,0.9308485,0.9137056,0.90851843,0.9035195,0.89752024,0.88256824,0.8650855,0.86349535,0.8570797,0.85005003,0.8233306,0.81888056,0.8106276",0,1,0,,,
150424302108405_180273212456847,https://www.facebook.com/150424302108405_180273212456847,4/02/2017 17:00,"""He'll be feeling the burn.","how to be flexible:
YOGA TEQUILA","how to be flexible:
YOGA TEQUILA",person in a dress shirt and tie,"horizontal,people,adult,woman,sport,strength,yoga,fatigue,indoors,effort,man,flexibility,motion,barefoot,business,vitality,side view,outdoors,concentration,agility","0.9883586,0.9773874,0.94796175,0.9281,0.91722494,0.90982515,0.9084312,0.89592165,0.88834167,0.880973,0.87945604,0.86763144,0.8672138,0.85604453,0.8521404,0.8508105,0.8135456,0.78873074,0.7884679,0.7824779",0,1,0,,,
150424302108405_181411142343054,https://www.facebook.com/150424302108405_181411142343054,6/02/2017 17:00,"""I don't even wanna see his love life.""","when your friends hang
out without you","when your friends hang
out without you",a man laying on top of a cake,"people,adult,horizontal,man,woman,indoors,portrait,fatigue,family,concentration,vertical,child,sit,relaxation,business,technology,sleep,hand,bed,table","0.98114055,0.9734032,0.95393884,0.9274527,0.91851604,0.8960238,0.8952477,0.87542653,0.85747486,0.85292995,0.8454762,0.83498657,0.8255968,0.8112774,0.80110395,0.78908944,0.7824594,0.77457505,0.7687745,0.7629806",0,1,0,,,
150424302108405_181413932342775,https://www.facebook.com/150424302108405_181413932342775,8/02/2017 17:00,"""This is how I pregame""","me: I don't want to drink tonight
also me:","me: I don't want to drink tonight
also me:",a person on a snowboard,"people,man,adult,horizontal,family,vertical,uniform,side view,indoors,outdoors,woman,industry,business,child,expression,house,safety,togetherness,cap,portrait","0.9898156,0.9758612,0.963942,0.9429333,0.89556587,0.8360512,0.8341093,0.8304795,0.8270906,0.8157896,0.80438685,0.7800689,0.77901536,0.7786511,0.75433743,0.74836326,0.74200094,0.73933697,0.701626,0.70145744",0,1,0,,,
150424302108405_181414815676020,https://www.facebook.com/150424302108405_181414815676020,10/02/2017 17:00,"""The struggle is real.""","when la cruda is real but
you smell pozole","when la cruda is real but
you smell pozole",a cow laying on the ground,"nature,horizontal,animal,illustration,people,art,adult,portrait,old,man,travel,dark,woman,mammal,strength,beach,wildlife,head,wood,young","0.9715395,0.94740117,0.92881143,0.90798783,0.9004804,0.8801751,0.8759445,0.8737681,0.86035144,0.8560877,0.8438315,0.83686817,0.8345307,0.834162,0.8296871,0.82252383,0.81764925,0.8081995,0.79641515,0.79041445",0,1,0,,,
150424302108405_181418852342283,https://www.facebook.com/150424302108405_181418852342283,12/02/2017 17:00,"""I'd rather die than admit it's hot.""","when the food is hella spicy
but your mom didn't raise a
quitter","when the food is hella spicy
but your mom didn't raise a
quitter",a man looking at the camera,"people,man,portrait,eye,young,angry,horizontal,scared,funny,adult,love,looking,togetherness,cute,one,bald,indoors,woman,friendship,face","0.9602756,0.94133043,0.9394079,0.93097126,0.92012846,0.89134955,0.8821511,0.88211167,0.8744877,0.86573255,0.8643931,0.8565643,0.8470311,0.8467256,0.8399948,0.8354815,0.83164513,0.82582504,0.82241464,0.8083657",0,1,0,,,
150424302108405_187346255082876,https://www.facebook.com/150424302108405_187346255082876,13/02/2017 17:00,"""Papi knows what's up.""",,,a group of people standing on top of an orange,"people,desktop,fall,Halloween,woman,food,one,adult,color,young,child,portrait,person,fun,happiness,man,family,vegetable,isolated,business","0.9362023,0.9104227,0.9020796,0.90019363,0.90010405,0.8686743,0.8617765,0.85999995,0.84558785,0.8380561,0.83564705,0.83215296,0.8314061,0.8206649,0.8202672,0.8172573,0.8082939,0.80390507,0.79352283,0.75885564",0,1,0,,,
150424302108405_187351821748986,https://www.facebook.com/150424302108405_187351821748986,15/02/2017 17:00,"""Now what?""","when you finish binge watching
an entire series and you don't
know what to do with yourself
anymore","when you finish binge watching
an entire series and you don't
know what to do with yourself
anymore",a man sitting on a bench next to a laptop,"man,sit,sitting,adult,outdoors,people,laptop,technology,relaxation,lifestyle,casual,chair,leisure,summer,looking,computer,education,young,happiness,wireless","0.9905985,0.988326,0.9819406,0.979262,0.97651243,0.9762242,0.96886647,0.9644958,0.9558163,0.9513654,0.946361,0.9454839,0.9404315,0.9397005,0.93446505,0.9321721,0.9311279,0.9070139,0.9054581,0.9003359",0,1,0,,,
150424302108405_188768934940608,https://www.facebook.com/150424302108405_188768934940608,16/02/2017 17:00,"""Give me one of each.""","how to make me happy in the
morning:","how to make me happy in the
morning:",many different types of food,"food,freshness,variation,vertical,sweet,plate,fruit,cake,meal,refreshment,horizontal,chocolate,indulgence,collage,cookie,indoors,still life,epicure,pastry,bread","0.99215615,0.9681232,0.96727014,0.96426,0.9595556,0.95252776,0.94203514,0.9363317,0.92895997,0.9254235,0.9100715,0.90619767,0.8922131,0.8892374,0.88298523,0.8800704,0.8635696,0.8611094,0.85881275,0.8528518",0,1,0,,,
150424302108405_187352588415576,https://www.facebook.com/150424302108405_187352588415576,17/02/2017 17:00,"""Tough love is still love.""","**when I hurt myself**
other moms: are u ok?
my mom:
HAHAHAHA
QUÉ PENDEJO!","**when I hurt myself**
other moms: are u ok?
my mom:
HAHAHAHA
QUÉ PENDEJO!",person holding a sign,"people,man,adult,woman,portrait,sports fan,competition,football,togetherness,outdoors,soccer,victory,sport,stadium,goal,horizontal,uniform,celebration,fun,audience","0.9862511,0.9684985,0.9676067,0.93719435,0.92459905,0.8799318,0.8675943,0.85057074,0.83165723,0.827752,0.8234439,0.80099267,0.7901712,0.7858634,0.77853405,0.7757236,0.7244061,0.7243242,0.7221862,0.7127906",0,1,0,,,
150424302108405_187355225081979,https://www.facebook.com/150424302108405_187355225081979,19/02/2017 17:00,"""Me last night.""","ordering tacos after the
club like","ordering tacos after the
club like",Jim Carrey that is posing for a photo,"adult,man,people,horizontal,business,indoors,portrait,communication,office,frustration,looking,worried,confidence,cheerful,happiness,technology,uncertainty,fine-looking,facial expression,success","0.99308383,0.99297047,0.9848335,0.98027,0.9774537,0.974218,0.95374095,0.9489405,0.9070984,0.888496,0.8850702,0.8678048,0.86370647,0.84722817,0.8450122,0.8442155,0.84213626,0.8366363,0.8310448,0.8292382",0,1,0,,,
150424302108405_192360427914792,https://www.facebook.com/150424302108405_192360427914792,21/02/2017 17:00,"""The micheladas are in full bloom.""","when all the cups
are dirty","when all the cups
are dirty",a bottle of orange juice,"glass,drink,no person,bar,alcohol,bottle,liquid,traditional,desktop,health,beer,isolate,food,cold,wood,wine,retro,whisky,isolated,summer","0.9832379,0.97570735,0.9744544,0.9603827,0.95752245,0.93974876,0.9151417,0.9126787,0.90416384,0.8627373,0.8531537,0.846284,0.8455254,0.83815986,0.83646333,0.834572,0.8190383,0.81188554,0.79917157,0.7927677",0,1,0,,,
150424302108405_192919597858875,https://www.facebook.com/150424302108405_192919597858875,23/02/2017 17:00,"""Every damn time.""","when you're telling a funny story
to your parents but they're about
to turn it into a life lesson","when you're telling a funny story
to your parents but they're about
to turn it into a life lesson",Steve Harvey et al. standing next to a man in a suit and tie,"man,people,portrait,adult,business,wear,administration,battle,election,indoors,profile,fine-looking,leader,actor,bald,politician,festival,facial expression,angry,serious","0.9902116,0.9765373,0.9615325,0.94633424,0.941755,0.9259981,0.87815547,0.87057555,0.8564633,0.8420347,0.8319877,0.8126334,0.8051317,0.79890144,0.79715586,0.7935432,0.7885074,0.78526235,0.76619357,0.75946546",0,1,0,,,
150424302108405_194608734356628,https://www.facebook.com/150424302108405_194608734356628,24/02/2017 17:00,Being a real super hero.,"ex: I miss u
me:
No pos que chido","ex: I miss u
me:
No pos que chido",a picture of herself in a mirror,"illustration,vector,vicious,head,symbol,art,Halloween,horizontal,skittish,biology,monster,blood,design,sketch,fear,graphic,horror,silhouette,people,science","0.9945229,0.93429255,0.9164753,0.9040311,0.9003314,0.89352953,0.8834356,0.87506247,0.8410214,0.81319404,0.8024463,0.8009216,0.7999609,0.79435176,0.7878295,0.78288615,0.7785294,0.76949215,0.76291394,0.7551576",0,1,0,,,
150424302108405_195956490888519,https://www.facebook.com/150424302108405_195956490888519,27/02/2017 17:00,Just gotta sit there and take it.,"when your mom is telling your tías
your business in front of you","when your mom is telling your tías
your business in front of you",a cat that is looking at the camera,"animal,cute,fur,pet,mammal,cat,little,young,domestic,funny,sit,dog,looking,eye,purebred,canine,portrait,downy,kitten,staring","0.9950061,0.99041724,0.9817004,0.976356,0.97293365,0.96080697,0.96067554,0.95520663,0.95392656,0.94777966,0.94765866,0.94748676,0.9447844,0.94002306,0.9388921,0.9257656,0.9157016,0.91453576,0.8943464,0.88855696",0,1,0,,,
150424302108405_195956994221802,https://www.facebook.com/150424302108405_195956994221802,28/02/2017 17:00,This is why I wear longsleeves year round.,"me: I got my first tattoo!
mom:","me: I got my first tattoo!
mom:",person holding a sign,"people,adult,woman,man,street,child,outdoors,city,horizontal,motion,portrait,road,event,togetherness,fun,editorial,festival,celebration,sport,family","0.9940435,0.9691585,0.9688885,0.9571078,0.9293827,0.9245157,0.9053905,0.88685685,0.8825942,0.84757495,0.83279467,0.82307166,0.7929579,0.78120506,0.7801088,0.77047276,0.76026523,0.7517611,0.73944783,0.72860825",0,1,0,,,
150424302108405_196102530873915,https://www.facebook.com/150424302108405_196102530873915,2/03/2017 17:00,He don't know how bad it's gonna burn tomorrow.,"when your friend realizes he can't handle
your mom's homemade hot sauce","when your friend realizes he can't handle
your mom's homemade hot sauce",a man in a suit and tie,"people,man,dark,portrait,serious,headshot,pensive,intelligence,fine-looking,attitude,child,face,bald,worried,one,surprise,eye,scared,staring,angry","0.972117,0.9698292,0.942135,0.9400157,0.9288288,0.88722473,0.88569677,0.8826299,0.8726059,0.86352193,0.8574083,0.85335493,0.8531935,0.8472369,0.8383106,0.83475375,0.82742333,0.81948996,0.8142363,0.81281054",0,1,0,,,
150424302108405_197008227450012,https://www.facebook.com/150424302108405_197008227450012,3/03/2017 17:00,Me and my big mouth...,"me: imma drink all the tequila shots
tonight
me tomorrow morning:","me: imma drink all the tequila shots
tonight
me tomorrow morning:",a red and white photo,"laundry,home appliance,technology,illustration,temperature,horizontal,heat,laundry facility,modern,dryer,no person,vector,vertical,design,square,stove,equipment,indoors,housework,washer","0.9849179,0.97410166,0.9549719,0.95169103,0.94447947,0.9444294,0.9347912,0.92935634,0.9154614,0.90961885,0.9092137,0.9055972,0.8812789,0.8808559,0.8784292,0.86664003,0.8666171,0.8576522,0.8408009,0.83741516",0,1,0,,,
150424302108405_197450470739121,https://www.facebook.com/150424302108405_197450470739121,4/03/2017 17:00,You still my boy anyway...,"when you see your boy about
to put his foot in his mouth","when you see your boy about
to put his foot in his mouth",a close up of two giraffes near a tree,"illustration,vector,sketch,humor,vectors,child,horizontal,man,funny,viral vector,woman,people,art,character,fun,fatigue,cute,animal,graphic,isolated","0.9982103,0.9928298,0.9910897,0.95203847,0.94846654,0.94820726,0.940009,0.9377458,0.92677265,0.924115,0.9186132,0.9054675,0.9008682,0.8984169,0.89656126,0.8898615,0.8856031,0.87771523,0.8474808,0.84592474",0,1,0,,,
150424302108405_197894014028100,https://www.facebook.com/150424302108405_197894014028100,5/03/2017 17:00,It's still the weekend...,"when you say ""just one
drink"" 'cuz you got work
in the morning:
next day at your job like:","when you say ""just one
drink"" 'cuz you got work
in the morning:
next day at your job like:",a bunch of bananas,"illustration,no person,vector,woman,card,isolated,cute,elegant,child,people,paper,desktop,fashion,business,fun,design,banner,man,retro,art","0.9550141,0.93621457,0.91122174,0.90926063,0.8866626,0.8865222,0.87515986,0.8651997,0.86385286,0.8612546,0.86049044,0.85267633,0.8446702,0.84289396,0.8364727,0.81866467,0.81329805,0.8110993,0.80412734,0.78964293",0,1,0,,,
150424302108405_199538530530315,https://www.facebook.com/150424302108405_199538530530315,6/03/2017 17:00,I would be this ripped.,"me if eating tacos gave
you abs","me if eating tacos gave
you abs",a man sitting in front of a crowd,"strength,strong,brawny,fitness,influencer,man,athlete,sport,muscle,bodybuilding,biceps,exercise,fine-looking,weightlifting,body,trainer,masculinity,guy,vigorous,torso","0.9985187,0.9984547,0.99780756,0.9957453,0.9957285,0.99537385,0.99470127,0.9941446,0.99353564,0.99306846,0.9921832,0.98336124,0.9796878,0.97826034,0.9770097,0.9736997,0.9705131,0.966994,0.96349394,0.96084774",0,1,0,,,
150424302108405_199993570484811,https://www.facebook.com/150424302108405_199993570484811,7/03/2017 17:00,My family recycled before it was 'in'.,"from mole container to
fancy glassware","from mole container to
fancy glassware",a close up of a person holding a dog,"dog,vertical,indoors,food,animal,sit,people,cute,fun,no person,box,drink,glass,desktop,little,child,hungry,humor,care,bowl","0.93840545,0.9142177,0.91247845,0.9081304,0.8775654,0.87715006,0.87074685,0.8693305,0.86790264,0.85330236,0.8374097,0.827115,0.8177421,0.8135195,0.80692005,0.80537355,0.7780938,0.7776463,0.75493217,0.748963",0,1,0,,,
150424302108405_200161343801367,https://www.facebook.com/150424302108405_200161343801367,9/03/2017 14:00,That's cold.,"when your bro eats the last
paleta right in front of you","when your bro eats the last
paleta right in front of you",a close up of a tooth brush,"eye,animal,nature,cute,funny,isolated,wildlife,face,illustration,wild,desktop,wood,little,scary,staring,angry,fear,one,looking,monster","0.9832657,0.971712,0.96272343,0.9503306,0.9445312,0.9340451,0.9264679,0.9251305,0.90073293,0.89932764,0.8894921,0.88236654,0.87069094,0.85996425,0.85519004,0.83873576,0.838174,0.8350751,0.8224207,0.81730866",0,1,0,,,
150424302108405_201257517025083,https://www.facebook.com/150424302108405_201257517025083,10/03/2017 17:00,My dude already dead.,"when you sneaking a taste of
mom's cooking, but she right
behind you","when you sneaking a taste of
mom's cooking, but she right
behind you",a cat laying on top of a sheep,"horizontal,people,woman,adult,indoors,man,young,isolated,outdoors,mammal,animal,old,danger,force,fear,fatigue,illustration,fashion,portrait,sleep","0.96736765,0.95847595,0.9534682,0.9360705,0.9166815,0.9115267,0.8778509,0.86918145,0.82521033,0.8221016,0.8095906,0.78585345,0.7611964,0.76050055,0.7596351,0.75484,0.7445396,0.74210787,0.7383436,0.7367798",0,1,0,,,
150424302108405_201699233647578,https://www.facebook.com/150424302108405_201699233647578,11/03/2017 17:00,Time to upgrade...,"when you're using the old
version of windows...","when you're using the old
version of windows...",a toy truck,"illustration,wood,no person,isolated,vector,sketch,horizontal,equipment,security,technology,outdoors,business,retro,gun,weapon,education,desktop,safety,old,danger","0.9385637,0.9274163,0.91314286,0.8793526,0.8723339,0.8553995,0.8520539,0.84206915,0.8383571,0.8313931,0.8287091,0.818969,0.8075896,0.7953135,0.77298534,0.7655725,0.7608839,0.7541032,0.7447896,0.7433271",0,1,0,,,
150424302108405_201699366980898,https://www.facebook.com/150424302108405_201699366980898,12/03/2017 16:00,When you're about to get interrogated...,"her: why do you have a passcode
on your phone?
me:","her: why do you have a passcode
on your phone?
me:",a pair of skis,"illustration,horizontal,business,people,vector,sketch,desktop,communication,adult,humor,man,fatigue,art,design,child,technology,symbol,fun,modern,animal","0.9924723,0.9528439,0.9442275,0.9376918,0.9306246,0.902743,0.8758023,0.8744887,0.86964834,0.86484385,0.86337054,0.8488349,0.8343318,0.8310844,0.81806946,0.81336254,0.8121023,0.80785966,0.79875517,0.79661083",0,1,0,,,
150424302108405_203326543484847,https://www.facebook.com/150424302108405_203326543484847,13/03/2017 16:00,My feet every Saturday morning.,"your shoe game when your mom yells
at you to help her with el mercado","your shoe game when your mom yells
at you to help her with el mercado",a close up of a tooth brush,"health,aid,illness,healthcare,skin,isolated,pain,man,medicine,medical,horizontal,hand,bandage,communication,desktop,paper,human,people,addiction,business","0.9754007,0.957687,0.9559288,0.9477485,0.94109005,0.9383838,0.93698484,0.9065588,0.90558404,0.89576364,0.87668663,0.87442315,0.8707469,0.86040723,0.85948694,0.8482473,0.8437264,0.83075345,0.8275757,0.8264575",0,1,0,,,
150424302108405_203783916772443,https://www.facebook.com/150424302108405_203783916772443,14/03/2017 13:02,And it’s only 9 a.m.,"when you wake up and have 21 texts from
your novia asking why you didn't answer
her call last night","when you wake up and have 21 texts from
your novia asking why you didn't answer
her call last night",Pharrell Williams laying in bed reading a book,"bed,sleep,horizontal,people,portrait,bedroom,indoors,man,fatigue,relaxation,adult,child,bedtime,pillow,sadness,content,blanket,sheet,contemplation,headshot","0.99389684,0.98764026,0.98628414,0.98579776,0.9842932,0.98317456,0.97500956,0.96642995,0.96064734,0.9529805,0.95000887,0.94176865,0.9204508,0.9123428,0.9005103,0.8918208,0.88902235,0.8870336,0.8783933,0.85789126",0,1,0,,,
150424302108405_204274623390039,https://www.facebook.com/150424302108405_204274623390039,15/03/2017 13:00,"Internally says ""don't cry, don't cry, don't cry...""","when my family starts chanting
'quiere Ilorar, quiere Ilorar'","when my family starts chanting
'quiere Ilorar, quiere Ilorar'",a man in a hat using a cell phone,"man,people,portrait,indoors,horizontal,adult,serious,sport,sitting,competition,beard,looking,fine-looking,headshot,car,dark,stubble,business,young,contemplation","0.994971,0.97594106,0.9666842,0.94886905,0.94018716,0.94001603,0.9165858,0.9077103,0.88607836,0.87284225,0.86659235,0.8647419,0.8351923,0.81515825,0.81250995,0.79227424,0.7771919,0.752146,0.7506617,0.7499589",0,1,0,,,
150424302108405_204384480045720,https://www.facebook.com/150424302108405_204384480045720,16/03/2017 13:00,Complete betrayal.,"when your primo invites someone
new to hang out with your group
What, I'm not good enough for you?","when your primo invites someone
new to hang out with your group
What, I'm not good enough for you?",a man and a woman pose for a photo,"adult,man,people,indoors,horizontal,portrait,sit,serious,sitting,side view,contemplation,vertical,headshot,business,togetherness,confidence,sadness,window,looking,concentration","0.9927821,0.99243057,0.9914337,0.9842739,0.9780779,0.9681956,0.9454241,0.943071,0.9362837,0.9337134,0.91381884,0.89090884,0.86205196,0.860723,0.8308077,0.82486016,0.8133975,0.80839753,0.80668676,0.79334927",0,1,0,,,
150424302108405_204410390043129,https://www.facebook.com/150424302108405_204410390043129,17/03/2017 13:00,We've all gone through this.,"when she's crazy but you still
love her","when she's crazy but you still
love her",Javier Hernandez talking on a cell phone,"people,man,portrait,adult,person,horizontal,business,communication,indoors,competition,headshot,collage,sport,championship,actor,desktop,serious,one,text,vertical","0.98107606,0.97966516,0.97072375,0.9640604,0.9417095,0.9358947,0.9024228,0.89532036,0.8849485,0.8118627,0.8038827,0.7933937,0.7881486,0.77476406,0.7636484,0.7557968,0.7343398,0.72284806,0.7190726,0.70867777",0,1,0,,,
150424302108405_205580559926112,https://www.facebook.com/150424302108405_205580559926112,18/03/2017 13:00,I'll be right there!,"when your mom says
a comer","when your mom says
a comer",a man and a woman pose for a picture,"people,man,horizontal,outdoors,adult,nature,portrait,summer,woman,sport,vitality,freedom,communication,togetherness,fear,vertical,battle,strength,young,side view","0.98873043,0.97963876,0.9744065,0.9696829,0.96393543,0.95780885,0.89154476,0.8841347,0.8683007,0.84951854,0.82345927,0.78939927,0.7815242,0.78071475,0.7795121,0.7766894,0.76515853,0.7630236,0.75663126,0.74165297",0,1,0,,,
150424302108405_205580666592768,https://www.facebook.com/150424302108405_205580666592768,19/03/2017 13:00,Before you can even blame your brother. :unamused:,"when you're innocent but your
mom is already reaching for
the chancla","when you're innocent but your
mom is already reaching for
the chancla",person on a cell phone,"horizontal,people,man,adult,outdoors,portrait,woman,indoors,contemplation,lid,side view,business,serious,fatigue,sadness,sitting,wear,headshot,togetherness,relaxation","0.98991096,0.97459984,0.97392094,0.9473076,0.8887228,0.8866834,0.88301146,0.8807007,0.8594735,0.84976697,0.8396153,0.76763284,0.7586317,0.73369765,0.7297988,0.72392726,0.72282624,0.7149099,0.71485865,0.7073792",0,1,0,,,
150424302108405_205580429926125,https://www.facebook.com/150424302108405_205580429926125,20/03/2017 13:00,Never ask me that.,"how many pupusas did you
eat?
I don't know I wasn't counting","how many pupusas did you
eat?
I don't know I wasn't counting",Marko Grujic holding a laptop,"horizontal,man,people,business,presentation,blank,portrait,adult,serious,contemplation,communication,bill,headshot,education,intelligence,identity,banner,confidence,indoors,uncertainty","0.9915201,0.99114585,0.9859223,0.96919644,0.96435165,0.9624985,0.96230376,0.9417416,0.9392972,0.9367524,0.92789364,0.92238045,0.9075023,0.9035014,0.8823312,0.87786347,0.87488,0.8722482,0.8669144,0.86541736",0,1,0,,,
150424302108405_208367186314116,https://www.facebook.com/150424302108405_208367186314116,21/03/2017 13:22,I'm not leaving until this song is over.,"when it's last call and they play
tragos de amargo licor","when it's last call and they play
tragos de amargo licor",a group of people smiling for the camera,"people,adult,man,woman,business,horizontal,indoors,portrait,togetherness,communication,friendship,shouting,happiness,battle,meeting,cheerful,frustration,politician,administration,couple","0.986705,0.979442,0.971189,0.9681453,0.950985,0.93991137,0.9274772,0.9225496,0.89872277,0.89321405,0.8758173,0.86705804,0.86553425,0.85330725,0.82278275,0.79359555,0.79129106,0.7868703,0.7826152,0.7376384",0,1,0,,,
150424302108405_209651532852348,https://www.facebook.com/150424302108405_209651532852348,23/03/2017 19:00,"Somehow, there is always room for one more...even when there isn't.","latinos be like:
""there's still room for one more.""","latinos be like:
""there's still room for one more.""",a group of people riding on the back of a red car,"transportation system,travel,car,trip (journey),man,woman,people,luggage,outdoors,adult,tourist,road,horizontal plane,freedom,tourism,convertible,adventure,horizontal,fun,wait","0.98189294,0.97971153,0.9768809,0.9742053,0.973779,0.9734159,0.9657711,0.9643574,0.9607614,0.9520384,0.9454582,0.93414783,0.91354537,0.89240307,0.89206815,0.88441956,0.8790232,0.8686849,0.8638454,0.85117626",0,1,0,,,
150424302108405_209685379515630,https://www.facebook.com/150424302108405_209685379515630,24/03/2017 13:00,"You have latinos to thank for this flavor, you're welcome.","share if you agree this is the
best flavor hands down
LIMON
PEPINO","share if you agree this is the
best flavor hands down
LIMON
PEPINO",a green bottle,"no person,bottle,plastic,container,recycling,health,drink,liquid,merchandise,clean,horizontal,empty,healthcare,isolated,glass,cola,safety,pollution,medicine,cap","0.99418426,0.98734915,0.98424256,0.9817921,0.9733851,0.9619461,0.9236295,0.9190892,0.90317,0.88854635,0.8565861,0.8492693,0.8358651,0.83367735,0.8282756,0.8272835,0.81254625,0.803491,0.8015393,0.8013326",0,1,0,,,
150424302108405_209692646181570,https://www.facebook.com/150424302108405_209692646181570,25/03/2017 13:00,Pain for pleasure.,"if fifty shades was created
by latinos","if fifty shades was created
by latinos",person in a suit and tie,"people,man,business,horizontal,adult,monochrome,indoors,vertical,serious,tie,intelligence,dinner jacket,petition,formalwear,portrait,suit,confidence,education,uncertainty,achievement","0.9864373,0.9842589,0.9778592,0.962904,0.9313087,0.9303237,0.9234598,0.91513866,0.8763752,0.8395322,0.8349501,0.82052577,0.8163927,0.8125397,0.8049052,0.8027668,0.7950162,0.7760344,0.75522554,0.752328",0,1,0,,,
150424302108405_211514882666013,https://www.facebook.com/150424302108405_211514882666013,27/03/2017 13:00,Finally a real man!,"when you passed your driver's
test","when you passed your driver's
test",a person with a cell phone,"man,people,horizontal,indoors,adult,portrait,young,battle,woman,looking,person,business,communication,fun,adolescent,isolated,angry,desktop,sport,outdoors","0.97623646,0.9677143,0.9624907,0.9070263,0.90641963,0.902495,0.88124704,0.836715,0.83573806,0.82517827,0.82053673,0.8155347,0.79500663,0.78507054,0.7794104,0.76658523,0.7616558,0.7342379,0.7187234,0.7124604",0,1,0,,,
150424302108405_212064962611005,https://www.facebook.com/150424302108405_212064962611005,28/03/2017 13:00,Upcoming video game for summer lol.,"if mario bros. had been created
by mexicans","if mario bros. had been created
by mexicans",a screenshot of a tree,"World Wide Web,tag,template,label,banner,graphic,layout,vectors,procedure,page,information,promotion,business,company,bill,designing,facts,text,illustration,desktop","0.9925399,0.9912379,0.9872732,0.9787482,0.9632264,0.958164,0.9511483,0.94742906,0.94670177,0.9430796,0.9384522,0.93412125,0.9312978,0.9199116,0.9174552,0.91611254,0.9109627,0.9018535,0.9013512,0.89084935",0,1,0,,,
150424302108405_212149049269263,https://www.facebook.com/150424302108405_212149049269263,29/03/2017 13:00,Why does she always have to do that?,"when your mom calls you to come
and eat but la comida no está lista","when your mom calls you to come
and eat but la comida no está lista",Kanye West et al. posing for a photo,"man,indoors,people,adult,horizontal,portrait,headshot,sitting,serious,vertical,togetherness,friendship,looking,sit,communication,military,business,battle,happiness,outdoors","0.99663246,0.99235284,0.98926187,0.98914564,0.98839116,0.9863008,0.95570964,0.9553982,0.9537083,0.94149226,0.92598164,0.9053308,0.88258326,0.8799843,0.8685578,0.86485136,0.8616921,0.8377104,0.82302237,0.8212259",0,1,0,,,
150424302108405_212639152553586,https://www.facebook.com/150424302108405_212639152553586,31/03/2017 13:00,"Girl, why you always lyin'?","every guy knows this is the official
'no estoy enojada face'","every guy knows this is the official
'no estoy enojada face'",a woman sitting on a bed,"people,woman,adult,sit,relaxation,horizontal,indoors,portrait,looking,young,cute,pretty,girl,anticipation,child,happiness,one,bed,family,wait","0.9844956,0.97982514,0.9774135,0.97634786,0.9626684,0.96233964,0.9604187,0.93573153,0.89719915,0.8937025,0.8845387,0.8750761,0.86755204,0.86099577,0.8574321,0.853676,0.85139596,0.8278221,0.8217373,0.8124863",0,1,0,,,
150424302108405_213177325833102,https://www.facebook.com/150424302108405_213177325833102,1/04/2017 13:00,Pos NiEntiendo <f0><U+009F><U+0098><U+0082> .,"latina moms be like
NlNTENDO
NINTENDO
NINTENDO
Nintendo
NINTENDO","latina moms be like
NlNTENDO
NINTENDO
NINTENDO
Nintendo
NINTENDO",a cell phone,"illustration,business,text,tag,graphic,desktop,designing,symbol,World Wide Web,internet,education,cloud,banner,facts,management,promotion,communication,conceptual,bill,identity","0.9693322,0.9671899,0.9374537,0.93026596,0.92774755,0.9220754,0.9176369,0.9162487,0.90436107,0.89830476,0.859162,0.85756445,0.85490876,0.8547737,0.8524097,0.85213727,0.8418075,0.8351593,0.8339412,0.8276336",0,1,0,,,
150424302108405_213161919167976,https://www.facebook.com/150424302108405_213161919167976,2/04/2017 13:00,King of the accordion!,"your video game vs
my video game","your video game vs
my video game",a close up of a book,"bill,text,squad,people,illustration,man,collection,collage,banner,populace,communication,business,adult,propaganda,desktop,sport,card,education,sign,service","0.9883783,0.96539503,0.9608127,0.9434091,0.93625915,0.8947971,0.8861067,0.8733123,0.8633836,0.8615886,0.8598174,0.8403847,0.8229722,0.8194469,0.7931968,0.7874732,0.7576494,0.7569225,0.7522321,0.73377573",0,1,0,,,
150424302108405_215355245615310,https://www.facebook.com/150424302108405_215355245615310,3/04/2017 13:00,I'll be right there!,"when your crush says she
likes horses","when your crush says she
likes horses",a man riding on the back of a motorcycle,"wheel,people,transportation system,bike,man,seated,woman,roll along,road,street,invalid,vintage,adult,biker,city,wheelchair,driver,nostalgia,vehicle,cyclist","0.97870445,0.9774907,0.97716844,0.970024,0.95743024,0.95309097,0.94719726,0.9464501,0.935378,0.92621887,0.91378903,0.9098226,0.9097532,0.9047729,0.87032366,0.85298824,0.84824824,0.83232594,0.83229196,0.82657343",0,1,0,,,
150424302108405_215953422222159,https://www.facebook.com/150424302108405_215953422222159,4/04/2017 13:00,Priorities lol.,"when you're about to dance the vals
and they bring out the taco tray","when you're about to dance the vals
and they bring out the taco tray",a man and a woman in a suit and tie,"ceremony,dinner jacket,wedding,horizontal,business,man,groom,bride,woman,adult,togetherness,celebration,reception,wear,commitment,indoors,veil,formalwear,people,portrait","0.98495,0.9848281,0.96125495,0.95335954,0.94877476,0.9327702,0.92745477,0.92343444,0.9217856,0.9036397,0.8983691,0.89618635,0.8847438,0.87986076,0.8708488,0.87003756,0.85926354,0.8454541,0.8444241,0.8360172",0,1,0,,,
150424302108405_215954188888749,https://www.facebook.com/150424302108405_215954188888749,5/04/2017 13:00,She's only go to the games for the food.,"when bae is more interested in
los churros than in the game","when bae is more interested in
los churros than in the game",JAY Z et al. standing around each other,"woman,man,horizontal,people,adult,friendship,togetherness,indoors,happiness,communication,cheerful,sit,child,adolescent,enjoyment,portrait,sitting,couple,education,fun","0.9861876,0.9846847,0.98424697,0.98290914,0.97672975,0.96873486,0.96762145,0.9565295,0.931419,0.92625356,0.9116639,0.8793094,0.87574315,0.86241436,0.85849375,0.85292447,0.83585995,0.8254557,0.82057226,0.8156942",0,1,0,,,
150424302108405_215955075555327,https://www.facebook.com/150424302108405_215955075555327,6/04/2017 13:00,McTrio. I can't. :joy:,"when the big mac was the inspiration
for your mariachi band","when the big mac was the inspiration
for your mariachi band",a group of men standing around each other,"car,people,street,road,man,transportation system,hurry,vehicle,crowd,police,driver,sport,fast,winter,offense,competition,event,force,group,public show","0.9745549,0.9607084,0.94129914,0.9369383,0.9162313,0.90482146,0.89391625,0.89342123,0.8916981,0.88973343,0.8764411,0.8723761,0.8629626,0.8620825,0.8288224,0.8235268,0.8103353,0.80391216,0.764657,0.7635049",0,1,0,,,
150424302108405_217444665406368,https://www.facebook.com/150424302108405_217444665406368,6/04/2017 18:01,Download the keyboard here: http://bit.ly/mituKeyboard,"SHARE ALL THE JAJAJA AT YOUR FINGERTIPS
GET THE
gif&emoji
keyboard
by mitú","SHARE ALL THE JAJAJA AT YOUR FINGERTIPS
GET THE
gif&emoji
keyboard
by mitú",Frank Reyes et al. posing for a picture,"portrait,people,adult,woman,fashion,business,man,horizontal,contemplation,facial expression,cute,creativity,young,fun,looking,wear,face,adolescent,hair,child","0.97806436,0.9675582,0.958918,0.9482602,0.9350598,0.92430997,0.9111105,0.90532196,0.89341676,0.8745479,0.85214496,0.85062444,0.8480953,0.8464326,0.83924407,0.83915246,0.83724034,0.8306999,0.80884427,0.80683017",0,1,0,,,
150424302108405_218640798620088,https://www.facebook.com/150424302108405_218640798620088,7/04/2017 16:00,On to the next one.,"when my crush ignores me
NIKE
ESTUVIERAS TAN BUENA","when my crush ignores me
NIKE
ESTUVIERAS TAN BUENA",a picture of some sort,"vertical,illustration,business,paper,symbol,bill,vector,text,horizontal,banner,vectors,no person,image,stock,design,desktop,label,danger,sign,authority","0.9544802,0.9511874,0.9476017,0.94202685,0.9202797,0.88063323,0.86123955,0.8611498,0.85052204,0.84788215,0.8445456,0.8305379,0.8240663,0.8221178,0.8059719,0.803512,0.8009722,0.7957531,0.79176337,0.78840137",0,1,0,,,
150424302108405_218759745274860,https://www.facebook.com/150424302108405_218759745274860,8/04/2017 13:00,I'm watching you.,"when your primo flirts with
your crush","when your primo flirts with
your crush",a group of people posing for a photo,"man,adult,people,portrait,sitting,horizontal,industry,indoors,military,business,communication,looking,togetherness,uniform,car,serious,friendship,transportation system,sit,war","0.99730647,0.98458624,0.9834436,0.9576475,0.9435458,0.9301548,0.9070391,0.90112674,0.9002552,0.89076775,0.8749995,0.8744715,0.87181234,0.86804587,0.84032273,0.83510345,0.8191245,0.8135983,0.80730605,0.79626566",0,1,0,,,
150424302108405_218760371941464,https://www.facebook.com/150424302108405_218760371941464,9/04/2017 13:00,"I got three 6-packs, of course I'm ready.","ready to show off your summer body?
me:","ready to show off your summer body?
me:",a fruit stand,"man,people,adult,sport,influencer,illustration,battle,strength,warrior,shirtless,portrait,athlete,text,physcially force,pride,war,flag,combat,thorax,fist","0.9952269,0.99071336,0.98658764,0.9770592,0.9469707,0.9441935,0.9366011,0.9279935,0.89774275,0.8961882,0.88277024,0.85412157,0.8537041,0.8424381,0.8263756,0.8205088,0.7995435,0.78196585,0.7817894,0.77372503",0,1,0,,,
150424302108405_221039341713567,https://www.facebook.com/150424302108405_221039341713567,10/04/2017 19:00,Womp womp...,"when your crush says ""I like you
as a friend""","when your crush says ""I like you
as a friend""",Lionel Messi et al. sitting in the grass,"man,people,horizontal,soccer,adult,game,sport,fun,competition,sitting,sit,child,family,battle,ball,football,togetherness,adolescent,happiness,shouting","0.98817015,0.9557562,0.94536793,0.928854,0.92722857,0.9157516,0.9081073,0.9022968,0.8925353,0.8870029,0.8840661,0.88347137,0.8688469,0.8591468,0.85605305,0.85253674,0.832363,0.8257052,0.82495743,0.8125253",0,1,0,,,
150424302108405_225533477930820,https://www.facebook.com/150424302108405_225533477930820,17/04/2017 13:07,Oh hell naaaaahhh!,"me: I'm cool if she's still friends
with her ex
also me:","me: I'm cool if she's still friends
with her ex
also me:",a group of women standing next to a woman,"woman,man,people,adult,horizontal,togetherness,indoors,portrait,friendship,child,business,communication,love,looking,family,young,fashion,wear,sit,adolescent","0.99091077,0.9865972,0.9814296,0.9714345,0.9660572,0.94062555,0.9172206,0.904393,0.8718498,0.8609224,0.8510867,0.8472416,0.8179967,0.8173148,0.80698204,0.8028575,0.79024476,0.7781323,0.7780616,0.77385104",0,1,0,,,
150424302108405_226171641200337,https://www.facebook.com/150424302108405_226171641200337,18/04/2017 13:03,Fml.,"when you get ready to go out
and your mom says ""llévate a
tu hermanita""","when you get ready to go out
and your mom says ""llévate a
tu hermanita""",a man holding a tennis racket,"people,man,portrait,adult,one,business,indoors,horizontal,looking,serious,movie,outdoors,television,intelligence,wall,wear,confidence,offense,fine-looking,musician","0.98447394,0.98402035,0.9771218,0.9571067,0.9471559,0.9423488,0.92126715,0.8804009,0.8612629,0.85523105,0.833478,0.8229486,0.82059705,0.8161572,0.81209725,0.8031467,0.7951663,0.7936231,0.7898736,0.7834356",0,1,0,,,
150424302108405_226968001120701,https://www.facebook.com/150424302108405_226968001120701,20/04/2017 13:00,The best kind of rolling.,420 rolling,420 rolling,a hand holding a piece of food,"food,cooking,desktop,hand,refreshment,closeup,no person,meal,ingredients,horizontal,isolate,dinner,preparation,health,healthy,epicure,wood,delicious,bread,lunch","0.9670093,0.9491166,0.9123061,0.89080644,0.8680253,0.86156577,0.8614357,0.8437774,0.8432921,0.84254456,0.840188,0.8343754,0.83081925,0.82414734,0.82142675,0.81954736,0.8179443,0.7870008,0.7667253,0.76206017",0,1,0,,,
150424302108405_231327450684756,https://www.facebook.com/150424302108405_231327450684756,27/04/2017 13:00,She's not *that* amazing.,"when you hear your mom brag
about how great your sister is","when you hear your mom brag
about how great your sister is",a group of people posing for a photo,"woman,child,family,togetherness,man,people,group,four,friendship,adolescent,outdoors,indoors,love,adult,young,horizontal,education,three,fun,looking","0.98887897,0.98245186,0.9800967,0.9735817,0.963287,0.9479948,0.93031365,0.88891053,0.88735807,0.8759922,0.8731601,0.8689184,0.8501817,0.8462062,0.8435823,0.83986896,0.8350769,0.8208723,0.8206185,0.8160754",0,1,0,,,
150424302108405_231374154013419,https://www.facebook.com/150424302108405_231374154013419,28/04/2017 13:00,My mom always thinks it's too late to go out -__-,"when you're trying to sneak out the
house and your mom hits you with
'a dónde crees que vas tan tarde?!'","when you're trying to sneak out the
house and your mom hits you with
'a dónde crees que vas tan tarde?!'",Tyga and a women who is holding a baseball bat,"baseball,uniform,lid,people,teamwork,wear,cap,squad,safety,portrait,man,boy,horizontal,retro,helmet,competition,desktop,looking,outfit,game","0.99245,0.9919605,0.989137,0.9751023,0.95823187,0.94691336,0.9462198,0.9377199,0.93612635,0.9288324,0.9278365,0.9261949,0.9239141,0.91749406,0.913568,0.8826525,0.88001585,0.85059774,0.8354243,0.82693934",0,1,0,,,
150424302108405_233448207139347,https://www.facebook.com/150424302108405_233448207139347,1/05/2017 17:00,Come at me. I am ready.,"when your mom grabs
the chancla","when your mom grabs
the chancla",a man standing next to a newspaper,"man,people,adult,horizontal,indoors,business,communication,graph,education,newspaper,technology,person,one,screen,woman,looking,sit,paper,table,computer","0.97625047,0.96221304,0.9406537,0.92617273,0.9087703,0.8888402,0.8396752,0.77237844,0.74486196,0.74399996,0.7284971,0.71947765,0.7071725,0.67317677,0.67084754,0.6697372,0.66596264,0.6639705,0.66307986,0.64171135",0,1,0,,,
150424302108405_234754417008726,https://www.facebook.com/150424302108405_234754417008726,4/05/2017 15:00,She likes it as much as I do.,"when my mom makes me
babysit my little sister","when my mom makes me
babysit my little sister",a person sitting on the ground,"people,education,horizontal,adult,technology,internet,vertical,woman,illustration,portrait,desktop,communication,business,screen,person,World Wide Web,creativity,computer,indoors,text","0.98772883,0.9706725,0.9569953,0.95543224,0.9452305,0.944879,0.93810534,0.93055296,0.9185475,0.91481614,0.9131696,0.9058391,0.89517754,0.8778657,0.8754184,0.86554307,0.84577894,0.84189177,0.81149846,0.8108896",0,1,0,,,
150424302108405_234877306996437,https://www.facebook.com/150424302108405_234877306996437,5/05/2017 13:00,He’s always there to give you a hand.,"compadre goals

 

w I1@!Â£",compadre goals,a man holding a baby,"man,brawny,fine-looking,strength,exercise,indoors,fitness,people,relaxation,young,sport,muscle,influencer,health,leisure,adult,horizontal,battle,masculinity,athlete","0.99595106,0.97366124,0.97267205,0.9589607,0.9563316,0.9534689,0.94948053,0.938377,0.91079557,0.9028832,0.8982727,0.89216846,0.89084613,0.87859565,0.87805486,0.8613128,0.8592206,0.8577839,0.85395104,0.8507745",0,1,0,,,
150424302108405_237019096782258,https://www.facebook.com/150424302108405_237019096782258,9/05/2017 11:00,Got friend zoned real quick.,"when your crush calls you
buddy","when your crush calls you
buddy",Javier Hernandez looking at the camera,"man,portrait,people,adult,serious,horizontal,fine-looking,headshot,outdoors,contemplation,looking,confidence,stubble,sport,vertical,determination,shirt,happiness,individuality,business","0.9970392,0.9934233,0.99033123,0.98791623,0.95995116,0.9425772,0.9383967,0.9382946,0.9366448,0.9083263,0.90081596,0.88879806,0.8875731,0.87277204,0.8468795,0.83757836,0.8349782,0.8325945,0.8239712,0.82370925",0,1,0,,,
150424302108405_237914913359343,https://www.facebook.com/150424302108405_237914913359343,11/05/2017 14:00,And the cruda is only worse.,drinking at 21 vs drinking 27,drinking at 21 vs drinking 27,a group of people around each other,"man,people,indoors,horizontal,adult,sitting,business,sit,serious,music,communication,battle,television,technology,portrait,bar,wine,concentration,microphone,looking","0.9879211,0.9722477,0.96805024,0.96211195,0.93626547,0.92641604,0.9182154,0.87521636,0.8406685,0.8149298,0.8045096,0.8045058,0.8017185,0.7907742,0.78761876,0.7835266,0.78350854,0.7660183,0.7484333,0.7422454",0,1,0,,,
150424302108405_237918293359005,https://www.facebook.com/150424302108405_237918293359005,11/05/2017 16:00,Me working on a team project.,"mom: mijo, how was school today?
me:","mom: mijo, how was school today?
me:",a group of people looking at a screen,"indoors,horizontal,woman,man,people,adult,child,adolescent,togetherness,relaxation,family,fatigue,education,bed,bedroom,sit,boredom,communication,battle,looking","0.99485403,0.9898902,0.98387396,0.98094904,0.9529747,0.9433856,0.9345006,0.9317655,0.9192704,0.91331625,0.90800494,0.89826924,0.8920331,0.8868538,0.86566246,0.85603917,0.8555275,0.85355663,0.8428093,0.8203471",0,1,0,,,
150424302108405_237947886689379,https://www.facebook.com/150424302108405_237947886689379,12/05/2017 10:00,Based on actual events.,"if a horror movie was based on
your life
THE
SHINING
LE VOY A DECIR A
TU PAPÁ","if a horror movie was based on
your life
THE
SHINING
LE VOY A DECIR A
TU PAPÁ",a close up of a newspaper,"bill,collection,portrait,communication,people,collage,man,adult,text,magazine,desktop,identity,illustration,banner,presentation,paper,business,card,vertical,woman","0.98603326,0.9852462,0.98138505,0.9808307,0.9734028,0.97189176,0.9717332,0.967777,0.9472862,0.9394143,0.91636634,0.9052414,0.9014249,0.89719224,0.8937398,0.89316523,0.89064586,0.87997466,0.87516475,0.8735983",0,1,0,,,
150424302108405_238433176640850,https://www.facebook.com/150424302108405_238433176640850,12/05/2017 15:00,Why do all dads watch tv like this??,"dads know sh*t's going down when
they're watching noticiero univision
standing up","dads know sh*t's going down when
they're watching noticiero univision
standing up",a man standing in front of a television,"indoors,people,man,adult,horizontal,room,woman,family,museum,television,window,sit,business,wall,picture frame,exhibition,side view,illustration,communication,table","0.9817947,0.97926027,0.97228646,0.96532667,0.94861126,0.9353033,0.9294347,0.9124653,0.8999705,0.89545393,0.8652357,0.8621103,0.85418475,0.85122347,0.8420531,0.8312774,0.82503194,0.81685853,0.7989708,0.7940619",0,1,0,,,
150424302108405_238433986640769,https://www.facebook.com/150424302108405_238433986640769,12/05/2017 17:00,:joy:,"when your burrito is as big as
your new primo","when your burrito is as big as
your new primo",a person holding a plate of food,"child,baby,people,little,food,healthy,horizontal,family,indoors,health,hungry,innocence,cute,desktop,confection,newborn,precious,one,human,love","0.9914787,0.9668597,0.9430794,0.94146395,0.9219746,0.9073987,0.90292203,0.8917408,0.890993,0.8830743,0.7993057,0.7935877,0.78935283,0.77705216,0.76064205,0.75274235,0.74218464,0.7395808,0.7316614,0.7162817",0,1,0,,,
150424302108405_238446583306176,https://www.facebook.com/150424302108405_238446583306176,15/05/2017 11:00,That's some next level ish.,"hack to avoid your primo
cheating in video games","hack to avoid your primo
cheating in video games",person holding a baby,"technology,adult,man,horizontal,people,computer,sit,indoors,internet,communication,side view,connection,laptop,looking,light,window,business,woman,desk,child","0.9744568,0.9735521,0.9657821,0.9643668,0.96224535,0.95025474,0.93367136,0.9134517,0.9008944,0.89923674,0.87752485,0.8350687,0.8264566,0.8237908,0.7948929,0.7633548,0.75676143,0.7544284,0.749875,0.74809444",0,1,0,,,
150424302108405_243299669487534,https://www.facebook.com/150424302108405_243299669487534,24/05/2017 11:00,Tastes better than morning breath.,"why wake up to kisses when
you can wake up to huevito
con chorizo","why wake up to kisses when
you can wake up to huevito
con chorizo",a slice of pizza,"food,dinner,delicious,meal,no person,lunch,meat,cooking,nutrition,refreshment,healthy,tasty,traditional,cuisine,homemade,plate,sauce,breakfast,gold,dish","0.9954971,0.9858874,0.9826635,0.97887397,0.9767687,0.9752019,0.9663652,0.95098877,0.9481797,0.94758415,0.9422273,0.93867195,0.9373233,0.93197,0.93195295,0.92578965,0.91732085,0.91574335,0.91476923,0.91405046",0,1,0,,,
150424302108405_243759899441511,https://www.facebook.com/150424302108405_243759899441511,24/05/2017 17:00,Only those who have a whole bunch of primas will understand.,"when you're condemned to be
a chambelan for the next 5 to 7
years","when you're condemned to be
a chambelan for the next 5 to 7
years",a group of people posing for a photo,"woman,group,man,togetherness,teamwork,business,unity,multicultural,horizontal,four,people,group together,ceremony,partnership,adult,indoors,meeting,leader,presentation,five","0.9737814,0.96536493,0.9652493,0.95584,0.9389448,0.93747485,0.93713164,0.9186544,0.90279365,0.89849776,0.8911785,0.88161296,0.8748714,0.8569566,0.8482058,0.84536374,0.8385489,0.82324517,0.7977979,0.78750885",0,1,0,,,
150424302108405_243764899441011,https://www.facebook.com/150424302108405_243764899441011,25/05/2017 11:00,Me sealing the deal.,"me flirting with my crush
do yo like tripe tacos?","me flirting with my crush
do yo like tripe tacos?",a close up of Ryan Gosling,"portrait,adult,people,man,horizontal,headshot,stubble,contemplation,indoors,vertical,beard,serious,confidence,unshaven,individuality,fine-looking,business,looking,uncertainty,content","0.9958967,0.99275506,0.9925579,0.9909909,0.98206407,0.9811387,0.96861124,0.96149623,0.9584465,0.9538456,0.953104,0.9410986,0.92814565,0.90126395,0.88288665,0.8813741,0.8797989,0.84927523,0.838884,0.829275",0,1,0,,,
150424302108405_244186599398841,https://www.facebook.com/150424302108405_244186599398841,25/05/2017 17:00,I'm living.,"baseball stadiums are now selling taco
dogs like the ones I used to make when
we didn't have buns at home","baseball stadiums are now selling taco
dogs like the ones I used to make when
we didn't have buns at home",a hand holding a hot dog,"food,cheese,refreshment,meal,slice,sushi,lunch,seafood,pizza,meat,plate,horizontal,epicure,square,takeout,vegetable,tuna,dinner,no person,tray","0.9914317,0.97015285,0.96739066,0.9663525,0.9462306,0.9386257,0.92068005,0.9190413,0.9047629,0.8979255,0.8977065,0.893666,0.8787856,0.8780787,0.87337834,0.86727786,0.8668864,0.86244273,0.8616975,0.8602805",0,1,0,,,
150424302108405_244674466016721,https://www.facebook.com/150424302108405_244674466016721,26/05/2017 15:01,Why!?,"when bae took 30 selfies of us
but she's still not satisfied and
wants to take more","when bae took 30 selfies of us
but she's still not satisfied and
wants to take more",a group of people looking at a cell phone,"woman,man,indoors,people,horizontal,battle,adult,togetherness,family,young,business,love,two,force,adolescent,couple,communication,friendship,sit,looking","0.99229217,0.97163606,0.96362394,0.9555658,0.95493263,0.92483234,0.8928571,0.8921494,0.8622434,0.834652,0.8323965,0.83152556,0.8119843,0.7646786,0.7610262,0.7584603,0.755268,0.7530935,0.75097704,0.7507994",0,1,0,,,
150424302108405_246540335830134,https://www.facebook.com/150424302108405_246540335830134,30/05/2017 17:00,I can disappear one pound burrito in few minutes. :joy:,"do you know a magic trick?
me:","do you know a magic trick?
me:",a man sitting at a table,"man,people,indoors,horizontal,sit,adult,table,casual,togetherness,family,looking,business,paper,woman,friendship,sitting,communication,young,elderly,serious","0.9876914,0.9301605,0.925264,0.91199327,0.90264595,0.86889094,0.8619197,0.76135933,0.75909054,0.75479233,0.7403847,0.7351947,0.73430896,0.71011627,0.69630414,0.67382336,0.65531355,0.644812,0.64085543,0.6129721",0,1,0,,,
150424302108405_247025372448297,https://www.facebook.com/150424302108405_247025372448297,31/05/2017 20:00,:joy:,"me wishing happy birthday
to my dad","me wishing happy birthday
to my dad",a close up of a sign,"desktop,illustration,round out,cake,image,shape,symbol,round,disjunct,food,closeup,isolate,sign,refreshment,no person,abstract,texture,paper,cookie,pastry","0.91576624,0.9003743,0.892805,0.87964624,0.868851,0.86154443,0.8588136,0.85872686,0.8400823,0.8241014,0.8186844,0.8134016,0.81291723,0.8030442,0.7883601,0.77445567,0.76729727,0.7426692,0.74064326,0.72798496",0,1,0,,,
150424302108405_255106328306868,https://www.facebook.com/150424302108405_255106328306868,16/06/2017 15:00,No competition.,her ex vs me,"her ex vs me
eaaru",a plate of food and a cup of coffee,"food,plate,meal,healthy,lunch,refreshment,bowl,restaurant,dinner,table,dish,vegetable,epicure,appetizer,no person,cheese,hot,cuisine,tasty,breakfast","0.98632985,0.96849895,0.96260107,0.93896925,0.9372817,0.9293412,0.9288006,0.92385435,0.9132881,0.9119359,0.9108432,0.90971476,0.9000048,0.8919672,0.8858291,0.8758652,0.87576026,0.8715482,0.8592683,0.85858124",0,1,0,,,
